n_cod_contrato,grupo_convocatoria_item,monto_adjudicado_item_soles,reduccion_adjudicacion_pct,numero_ofertantes,dias_convocatoria_buenapro_limpio,dias_buenapro_consentimiento_limpio,plazo_contractual_original_dias,anio_inicio_contractual,nivel_gobierno_modelo,sistema_contratacion,tipo_proceso_seleccion,tipo_proveedor,provincia,etiqueta_costo,etiqueta_plazo,etiqueta_costo_5pct,tipo_intervencion_texto,nivel_educativo_texto,es_saldo_obra_texto,es_paquete_texto,es_ioarr_texto
1243229,549494_1,789558.84,10.000000000000002,24,26,10.0,119.0,2019,GOBIERNO NACIONAL,Suma alzada,Adjudicación Simplificada,Persona Natural,LIMA,0.0,0.0,0,CREACION O CONSTRUCCION,NO ESPECIFICADO,0,0,0
1247826,551086_1,122337.22,9.999997057314097,6,15,9.0,21.0,2019,GOBIERNO LOCAL,Suma alzada,Adjudicación Simplificada,Persona Natural,LIMA,0.0,0.0,0,CREACION O CONSTRUCCION,NO ESPECIFICADO,0,0,0
1254619,563184_1,166137.52,9.999997833120366,14,20,7.0,63.0,2019,GOBIERNO LOCAL,Suma alzada,Adjudicación Simplificada,Persona Juridica,LIMA,0.0,0.0,0,MEJORAMIENTO O AMPLIACION,NO ESPECIFICADO,0,0,0
1263480,573780_1,5845792.0,9.999999938417247,8,27,8.0,209.0,2019,GOBIERNO NACIONAL,Suma alzada,Adjudicación Simplificada,Persona Juridica,LIMA,0.0,0.0,0,MEJORAMIENTO O AMPLIACION,PRIMARIA,0,0,0
1264390,552872_1,6792655.91,9.999999933751981,7,93,13.0,365.0,2019,GOBIERNO REGIONAL,Suma alzada,Licitación Pública,Persona Juridica,HUAURA,0.0,0.0,0,MEJORAMIENTO O AMPLIACION,NO ESPECIFICADO,0,0,0
1268418,585312_1,189753.88,0.0,16,14,8.0,46.0,2020,GOBIERNO LOCAL,Suma alzada,Adjudicación Simplificada,Persona Juridica,LIMA,0.0,0.0,0,MEJORAMIENTO O AMPLIACION,PRIMARIA,0,0,0
1271217,594170_1,3042634.96,2.447873614115098,1,1,,149.0,2020,GOBIERNO NACIONAL,Suma alzada,Contratación Directa,Consorcio,LIMA,0.0,0.0,0,MEJORAMIENTO O AMPLIACION,PRIMARIA,0,0,0
1276028,599334_1,7172106.0,0.9999999296022642,1,1,3.0,153.0,2020,GOBIERNO NACIONAL,Suma alzada,Contratación Directa,Persona Juridica,LIMA,0.0,1.0,0,SALDO DE OBRA,NO ESPECIFICADO,1,0,0
1287330,599276_1,133543.92,9.999991912772229,11,17,8.0,92.0,2020,GOBIERNO LOCAL,Suma alzada,Adjudicación Simplificada,Consorcio,YAUYOS,0.0,0.0,0,CREACION O CONSTRUCCION,NO ESPECIFICADO,0,0,0
2010976,652239_1,2857359.82,2.9999998947629973,1,18,0.0,152.0,2020,GOBIERNO LOCAL,Suma alzada,Procedimiento Especial de Contratación,Consorcio,OYON,0.0,1.0,0,REHABILITACION O RECONSTRUCCION,NO ESPECIFICADO,0,0,0
2020387,642781_4,119954.71,9.999992497167675,7,26,7.0,70.0,2020,GOBIERNO NACIONAL,Suma alzada,Procedimiento Especial de Contratación,Consorcio,CAJATAMBO,1.0,0.0,1,CREACION O CONSTRUCCION,NO ESPECIFICADO,0,1,0
2024360,660893_1,417399.57,9.999998059413382,17,15,8.0,67.0,2020,GOBIERNO LOCAL,Suma alzada,Adjudicación Simplificada,Persona Juridica,CAÑETE,1.0,0.0,1,MEJORAMIENTO O AMPLIACION,NO ESPECIFICADO,0,0,0
2032176,648473_1,6830376.5,9.99999997364713,8,64,13.0,242.0,2020,GOBIERNO NACIONAL,Suma alzada,Licitación Pública,Consorcio,CAÑETE,1.0,0.0,1,REHABILITACION O RECONSTRUCCION,NO ESPECIFICADO,0,0,0
2035955,650926_1,1597332.78,9.999999492904658,28,33,8.0,135.0,2020,GOBIERNO NACIONAL,Suma alzada,Adjudicación Simplificada,Persona Juridica,LIMA,1.0,0.0,1,CREACION O CONSTRUCCION,NO ESPECIFICADO,0,0,1
2035956,650926_1,1597332.78,9.999999492904658,28,33,8.0,90.0,2020,GOBIERNO NACIONAL,Suma alzada,Adjudicación Simplificada,Persona Juridica,LIMA,1.0,0.0,1,CREACION O CONSTRUCCION,NO ESPECIFICADO,0,0,1
2035958,655708_1,852570.79,9.999999261058418,31,41,8.0,62.0,2020,GOBIERNO NACIONAL,Suma alzada,Adjudicación Simplificada,Persona Juridica,LIMA,1.0,0.0,0,CREACION O CONSTRUCCION,NO ESPECIFICADO,0,0,0
2035959,655708_1,852570.79,9.999999261058418,31,41,8.0,90.0,2020,GOBIERNO NACIONAL,Suma alzada,Adjudicación Simplificada,Persona Juridica,LIMA,1.0,0.0,0,CREACION O CONSTRUCCION,NO ESPECIFICADO,0,0,0
2036477,674834_1,850379.73,0.0,1,17,1.0,90.0,2021,GOBIERNO LOCAL,Suma alzada,Adjudicación Simplificada,Persona Juridica,LIMA,1.0,1.0,1,MEJORAMIENTO O AMPLIACION,NO ESPECIFICADO,0,0,0
2036480,652341_1,1776341.88,10.000000000000004,31,56,13.0,120.0,2020,GOBIERNO NACIONAL,Suma alzada,Licitación Pública,Persona Juridica,LIMA,1.0,0.0,1,REPARACION O REFORZAMIENTO,NO ESPECIFICADO,0,0,0
2036490,652341_1,1776341.88,10.000000000000004,31,56,13.0,105.0,2020,GOBIERNO NACIONAL,Suma alzada,Licitación Pública,Persona Juridica,LIMA,1.0,0.0,1,REPARACION O REFORZAMIENTO,NO ESPECIFICADO,0,0,0
2044636,650742_1,995662.63,9.99999990960794,27,61,9.0,90.0,2021,GOBIERNO NACIONAL,Suma alzada,Adjudicación Simplificada,Consorcio,LIMA,1.0,0.0,1,CREACION O CONSTRUCCION,NO ESPECIFICADO,0,0,0
2044637,650742_1,995662.63,9.99999990960794,27,61,9.0,82.0,2021,GOBIERNO NACIONAL,Suma alzada,Adjudicación Simplificada,Consorcio,LIMA,1.0,0.0,1,CREACION O CONSTRUCCION,NO ESPECIFICADO,0,0,0
2051287,673487_1,715242.25,9.999999874168505,20,114,10.0,104.0,2021,GOBIERNO NACIONAL,Suma alzada,Adjudicación Simplificada,Persona Juridica,LIMA,1.0,0.0,1,REPARACION O REFORZAMIENTO,NO ESPECIFICADO,0,0,0
2055847,703805_1,3055253.92,9.999999793797823,2,19,7.0,184.0,2021,GOBIERNO LOCAL,Suma alzada,Procedimiento Especial de Contratación,Consorcio,CAÑETE,1.0,0.0,0,REHABILITACION O RECONSTRUCCION,NO ESPECIFICADO,0,0,0
2056188,705410_1,4330174.61,0.0,2,14,10.0,190.0,2021,GOBIERNO LOCAL,Suma alzada,Procedimiento Especial de Contratación,Consorcio,HUAROCHIRI,1.0,1.0,1,REHABILITACION O RECONSTRUCCION,NO ESPECIFICADO,0,0,0
2065625,716320_1,961444.35,0.0,8,14,8.0,120.0,2021,GOBIERNO LOCAL,Suma alzada,Adjudicación Simplificada,Consorcio,LIMA,1.0,1.0,1,MEJORAMIENTO O AMPLIACION,NO ESPECIFICADO,0,0,0
2067069,720975_1,393155.9,0.0,4,14,7.0,59.0,2021,GOBIERNO LOCAL,Suma alzada,Adjudicación Simplificada,Consorcio,LIMA,1.0,1.0,0,SALDO DE OBRA,NO ESPECIFICADO,1,0,0
2067579,719533_1,6676225.28,0.2104943449539205,1,20,1.0,219.0,2021,GOBIERNO LOCAL,Suma alzada,Procedimiento Especial de Contratación-Nueva Convocatoria por Desierto ,Consorcio,HUAROCHIRI,1.0,1.0,1,REHABILITACION O RECONSTRUCCION,NO ESPECIFICADO,0,0,0
2070415,718655_1,3718231.86,9.999999927384843,3,35,12.0,270.0,2021,GOBIERNO LOCAL,Suma alzada,Licitación Pública,Consorcio,LIMA,1.0,0.0,1,CREACION O CONSTRUCCION,NO ESPECIFICADO,0,0,0
2071349,701839_1,1486104.73,9.999999576072943,59,111,8.0,93.0,2021,GOBIERNO NACIONAL,Suma alzada,Adjudicación Simplificada,Consorcio,LIMA,1.0,0.0,1,CREACION O CONSTRUCCION,NO ESPECIFICADO,0,0,1
2071351,701839_1,1486104.73,9.999999576072943,59,111,8.0,92.0,2021,GOBIERNO NACIONAL,Suma alzada,Adjudicación Simplificada,Consorcio,LIMA,1.0,0.0,0,CREACION O CONSTRUCCION,NO ESPECIFICADO,0,0,1
2085354,727763_1,335567.04,9.99998632165813,9,23,7.0,126.0,2021,GOBIERNO NACIONAL,Precios unitarios,Procedimiento Especial de Contratación,Consorcio,LIMA,1.0,0.0,1,REHABILITACION O RECONSTRUCCION,NO ESPECIFICADO,0,0,0
2085367,727763_1,335567.04,9.99998632165813,9,23,7.0,126.0,2021,GOBIERNO NACIONAL,Precios unitarios,Procedimiento Especial de Contratación,Consorcio,LIMA,1.0,0.0,1,REHABILITACION O RECONSTRUCCION,NO ESPECIFICADO,0,0,0
2085371,727763_1,335567.04,9.99998632165813,9,23,7.0,126.0,2021,GOBIERNO NACIONAL,Precios unitarios,Procedimiento Especial de Contratación,Consorcio,LIMA,1.0,0.0,1,REHABILITACION O RECONSTRUCCION,NO ESPECIFICADO,0,0,0
2085372,727763_1,335567.04,9.99998632165813,9,23,7.0,126.0,2021,GOBIERNO NACIONAL,Precios unitarios,Procedimiento Especial de Contratación,Consorcio,LIMA,1.0,0.0,1,REHABILITACION O RECONSTRUCCION,NO ESPECIFICADO,0,0,0
2090073,741385_1,25441528.57,9.99989386002585,2,51,13.0,420.0,2021,GOBIERNO NACIONAL,Suma alzada,Licitación Pública,Consorcio,LIMA,1.0,1.0,0,MEJORAMIENTO O AMPLIACION,VARIOS NIVELES,0,0,0
2090099,714166_1,2316308.64,9.999999766870433,6,51,13.0,122.0,2021,GOBIERNO NACIONAL,Suma alzada,Licitación Pública,Persona Juridica,LIMA,1.0,0.0,1,SALDO DE OBRA,INICIAL,1,0,0
2093892,760747_1,3703246.09,0.0,1,18,1.0,180.0,2022,GOBIERNO LOCAL,Suma alzada,Procedimiento Especial de Contratación,Consorcio,CAÑETE,1.0,0.0,0,REHABILITACION O RECONSTRUCCION,NO ESPECIFICADO,0,0,0
2094813,754605_1,393326.14,0.0,2,13,10.0,62.0,2021,GOBIERNO LOCAL,Suma alzada,Adjudicación Simplificada,Consorcio,CAÑETE,1.0,1.0,0,CREACION O CONSTRUCCION,NO ESPECIFICADO,0,0,0
2096351,764415_1,4534871.22,10.000000000000002,2,14,9.0,212.0,2022,GOBIERNO LOCAL,Suma alzada,Procedimiento Especial de Contratación-Nueva Convocatoria por Desierto ,Consorcio,HUAROCHIRI,1.0,1.0,1,REHABILITACION O RECONSTRUCCION,NO ESPECIFICADO,0,0,0
2098554,747059_1,2773831.1,9.999999837769494,11,49,14.0,86.0,2022,GOBIERNO NACIONAL,Suma alzada,Licitación Pública,Persona Juridica,LIMA,1.0,0.0,1,CREACION O CONSTRUCCION,NO ESPECIFICADO,0,1,0
2098558,747059_1,2773831.1,9.999999837769494,11,49,14.0,120.0,2022,GOBIERNO NACIONAL,Suma alzada,Licitación Pública,Persona Juridica,LIMA,1.0,0.0,1,CREACION O CONSTRUCCION,NO ESPECIFICADO,0,1,0
2098574,741441_1,18733536.41,9.999999932740948,4,92,17.0,359.0,2022,GOBIERNO NACIONAL,Suma alzada,Licitación Pública,Consorcio,LIMA,1.0,0.0,1,MEJORAMIENTO O AMPLIACION,PRIMARIA,0,0,0
2098580,747059_1,2773831.1,9.999999837769494,11,49,14.0,135.0,2022,GOBIERNO NACIONAL,Suma alzada,Licitación Pública,Persona Juridica,LIMA,1.0,0.0,1,CREACION O CONSTRUCCION,NO ESPECIFICADO,0,1,0
2118354,788435_1,186185.95,9.999992265795974,4,15,12.0,30.0,2022,GOBIERNO LOCAL,Suma alzada,Adjudicación Simplificada,Persona Juridica,HUAURA,1.0,0.0,0,CREACION O CONSTRUCCION,NO ESPECIFICADO,0,0,0
2121435,798436_1,227163.64,0.0,2,14,11.0,61.0,2022,GOBIERNO LOCAL,Suma alzada,Adjudicación Simplificada,Consorcio,CAÑETE,1.0,0.0,1,CREACION O CONSTRUCCION,INICIAL,0,0,0
2122705,793280_1,23697875.44,0.21586930935323134,2,38,12.0,365.0,2022,GOBIERNO REGIONAL,Suma alzada,Licitación Pública,Consorcio,HUARAL,1.0,1.0,0,MEJORAMIENTO O AMPLIACION,NO ESPECIFICADO,0,0,0
2127586,803845_1,488837.0,5.000004955639348,4,24,7.0,61.0,2022,GOBIERNO LOCAL,Suma alzada,Adjudicación Simplificada,Consorcio,BARRANCA,1.0,1.0,1,MEJORAMIENTO O AMPLIACION,INICIAL,0,0,0
2132946,801910_1,1458016.27,9.999999567906057,56,59,10.0,135.0,2022,GOBIERNO NACIONAL,Suma alzada,Adjudicación Simplificada,Consorcio,LIMA,1.0,0.0,1,CREACION O CONSTRUCCION,NO ESPECIFICADO,0,0,0
2136778,804432_1,4260229.65,0.5000000186844266,2,61,11.0,210.0,2022,GOBIERNO REGIONAL,Suma alzada,Licitación Pública,Consorcio,OYON,0.0,1.0,0,MEJORAMIENTO O AMPLIACION,NO ESPECIFICADO,0,0,0
2137466,839602_1,25144986.78,0.0,1,6,0.0,493.0,2022,GOBIERNO NACIONAL,Suma alzada,Convenio,Persona Juridica,LIMA,1.0,0.0,1,MEJORAMIENTO O AMPLIACION,NO ESPECIFICADO,0,1,0
2139207,839783_1,89783428.65,0.0,1,7,0.0,244.0,2022,GOBIERNO NACIONAL,Suma alzada,Convenio,Persona Juridica,LIMA,1.0,1.0,1,MEJORAMIENTO O AMPLIACION,NO ESPECIFICADO,0,1,0
2145164,808377_1,1257771.06,9.99999999999999,50,134,8.0,120.0,2022,GOBIERNO NACIONAL,Suma alzada,Adjudicación Simplificada,Persona Juridica,LIMA,0.0,0.0,0,REPARACION O REFORZAMIENTO,PRIMARIA,0,0,0
2147043,852367_1,77384158.55,0.0,1,2,0.0,505.0,2022,GOBIERNO NACIONAL,Suma alzada,Convenio,Consorcio,LIMA,0.0,0.0,0,MEJORAMIENTO O AMPLIACION,NO ESPECIFICADO,0,1,0
2147899,800426_1,7295802.25,9.999999950656562,14,133,15.0,241.0,2022,GOBIERNO NACIONAL,Suma alzada,Licitación Pública,Consorcio,LIMA,0.0,1.0,0,MEJORAMIENTO O AMPLIACION,PRIMARIA,0,0,0
2147978,803911_1,2278729.23,9.999999763025812,29,121,8.0,105.0,2022,GOBIERNO NACIONAL,Suma alzada,Adjudicación Simplificada,Persona Juridica,LIMA,1.0,0.0,0,CREACION O CONSTRUCCION,NO ESPECIFICADO,0,1,0
2150795,859753_1,82185138.15,0.0,1,6,0.0,511.0,2022,GOBIERNO NACIONAL,Suma alzada,Convenio,Consorcio,LIMA,0.0,1.0,0,MEJORAMIENTO O AMPLIACION,NO ESPECIFICADO,0,1,0
2152326,849039_1,1408607.24,0.0,1,15,1.0,149.0,2022,GOBIERNO LOCAL,Suma alzada,Procedimiento Especial de Contratación,Consorcio,OYON,1.0,1.0,0,REHABILITACION O RECONSTRUCCION,INICIAL,0,0,0
2154674,829930_1,2511582.49,9.99999996416601,22,78,8.0,152.0,2022,GOBIERNO NACIONAL,Suma alzada,Adjudicación Simplificada,Persona Juridica,LIMA,1.0,0.0,0,SALDO DE OBRA,INICIAL,1,0,0
2170405,878960_1,1427288.88,0.0,2,47,8.0,63.0,2023,GOBIERNO LOCAL,Suma alzada,Adjudicación Simplificada,Consorcio,LIMA,0.0,0.0,0,MEJORAMIENTO O AMPLIACION,NO ESPECIFICADO,0,0,0
2170413,878960_1,1427288.88,0.0,2,47,8.0,64.0,2023,GOBIERNO LOCAL,Suma alzada,Adjudicación Simplificada,Consorcio,LIMA,1.0,0.0,1,MEJORAMIENTO O AMPLIACION,NO ESPECIFICADO,0,0,0
2170725,868708_1,6519298.5,0.0,2,15,7.0,239.0,2023,GOBIERNO LOCAL,Suma alzada,Procedimiento Especial de Contratación,Consorcio,HUAROCHIRI,1.0,1.0,1,REHABILITACION O RECONSTRUCCION,NO ESPECIFICADO,0,0,0
2172782,829839_1,2152445.78,9.999999916374206,19,133,12.0,134.0,2023,GOBIERNO NACIONAL,Suma alzada,Adjudicación Simplificada,Persona Juridica,LIMA,1.0,1.0,0,OTRA INTERVENCION,NO ESPECIFICADO,0,1,0
2194846,909431_1,8645544.96,0.0,1,38,2.0,152.0,2023,GOBIERNO REGIONAL,Suma alzada,Licitación Pública,Consorcio,CAÑETE,1.0,0.0,1,MEJORAMIENTO O AMPLIACION,NO ESPECIFICADO,0,0,0
2198674,916875_1,14223774.32,0.0,3,41,19.0,324.0,2023,GOBIERNO REGIONAL,Suma alzada,Licitación Pública,Consorcio,HUARAL,1.0,1.0,0,MEJORAMIENTO O AMPLIACION,NO ESPECIFICADO,0,0,0
2199458,921634_1,966696.61,9.999998789692654,3,22,7.0,108.0,2023,GOBIERNO NACIONAL,Precios unitarios,Procedimiento Especial de Contratación,Consorcio,LIMA,1.0,0.0,1,OTRA INTERVENCION,NO ESPECIFICADO,0,0,0
2201390,924280_1,910900.07,9.999998320342625,3,22,10.0,149.0,2023,GOBIERNO NACIONAL,Precios unitarios,Procedimiento Especial de Contratación,Consorcio,LIMA,1.0,0.0,0,OTRA INTERVENCION,NO ESPECIFICADO,0,0,0
2202578,921119_1,357372.11,9.999994963232856,3,37,7.0,59.0,2023,GOBIERNO NACIONAL,Precios unitarios,Procedimiento Especial de Contratación,Consorcio,LIMA,1.0,0.0,1,OTRA INTERVENCION,NO ESPECIFICADO,0,0,0
2202893,921644_1,637607.2,8.870806560861963,2,37,7.0,115.0,2023,GOBIERNO NACIONAL,Precios unitarios,Procedimiento Especial de Contratación,Consorcio,LIMA,1.0,0.0,0,OTRA INTERVENCION,NO ESPECIFICADO,0,0,0
2204497,922741_1,293990.31,0.0,3,17,9.0,44.0,2023,GOBIERNO LOCAL,Suma alzada,Adjudicación Simplificada,Persona Juridica,HUAROCHIRI,1.0,0.0,0,CREACION O CONSTRUCCION,PRIMARIA,0,0,0
2206039,926980_1,6835887.26,0.0,7,22,9.0,195.0,2023,GOBIERNO REGIONAL,Suma alzada,Adjudicación Simplificada - Ley N° 31728,Consorcio,HUARAL,0.0,1.0,0,MEJORAMIENTO O AMPLIACION,INICIAL,0,0,0
2206348,930369_1,313421.69,9.999996841316134,6,25,7.0,74.0,2023,GOBIERNO NACIONAL,Precios unitarios,Procedimiento Especial de Contratación,Consorcio,LIMA,1.0,0.0,1,OTRA INTERVENCION,NO ESPECIFICADO,0,0,0
2215440,922385_1,450147.42,9.99999820058945,6,96,5.0,76.0,2023,GOBIERNO NACIONAL,Precios unitarios,Procedimiento Especial de Contratación,Consorcio,LIMA,1.0,0.0,1,OTRA INTERVENCION,NO ESPECIFICADO,0,0,0
2216110,920819_1,259519.72,9.999998612822154,6,105,2.0,88.0,2023,GOBIERNO NACIONAL,Precios unitarios,Procedimiento Especial de Contratación,Consorcio,LIMA,1.0,0.0,1,REHABILITACION O RECONSTRUCCION,NO ESPECIFICADO,0,0,0
2226490,964436_1,1201162.58,9.999999400580723,12,120,7.0,110.0,2023,GOBIERNO NACIONAL,Precios unitarios,Procedimiento Especial de Contratación,Consorcio,LIMA,0.0,0.0,0,OTRA INTERVENCION,NO ESPECIFICADO,0,0,0
2226498,964436_1,1201162.58,9.999999400580723,12,120,7.0,79.0,2023,GOBIERNO NACIONAL,Precios unitarios,Procedimiento Especial de Contratación,Consorcio,LIMA,0.0,0.0,0,OTRA INTERVENCION,NO ESPECIFICADO,0,0,0
2227033,961926_1,8503084.11,0.0,1,18,0.0,316.0,2023,GOBIERNO REGIONAL,Suma alzada,Adjudicación Simplificada - Ley N° 31728,Consorcio,HUAROCHIRI,1.0,1.0,1,MEJORAMIENTO O AMPLIACION,NO ESPECIFICADO,0,0,0
2238438,960482_1,26000000.01,0.1637105106801436,5,70,11.0,547.0,2024,GOBIERNO REGIONAL,Suma alzada,Licitación Pública,Persona Juridica,CAÑETE,1.0,1.0,1,MEJORAMIENTO O AMPLIACION,NO ESPECIFICADO,0,0,0
2253544,1000074_1,26755524.99,0.0,4,35,13.0,457.0,2024,GOBIERNO REGIONAL,Esquema mixto,Licitación Pública,Consorcio,CAÑETE,1.0,1.0,1,MEJORAMIENTO O AMPLIACION,SECUNDARIA,0,0,0
2254381,995903_1,262315.02,9.999998970703224,4,32,10.0,59.0,2024,GOBIERNO LOCAL,Suma alzada,Adjudicación Simplificada,Consorcio,BARRANCA,1.0,0.0,0,MEJORAMIENTO O AMPLIACION,INICIAL,0,0,0
2260552,992253_1,1987002.76,9.999999411173437,31,64,10.0,149.0,2024,GOBIERNO NACIONAL,Suma alzada,Adjudicación Simplificada,Consorcio,LIMA,0.0,0.0,0,SALDO DE OBRA,NO ESPECIFICADO,1,0,0
2263246,996441_1,1646966.72,9.999999890708176,10,65,8.0,91.0,2024,GOBIERNO NACIONAL,Suma alzada,Adjudicación Simplificada,Consorcio,LIMA,1.0,0.0,0,SALDO DE OBRA,INICIAL,1,0,0
2269417,1017918_1,1814199.09,0.0,8,28,8.0,189.0,2024,GOBIERNO LOCAL,Suma alzada,Adjudicación Simplificada,Consorcio,CAÑETE,1.0,0.0,1,MEJORAMIENTO O AMPLIACION,PRIMARIA,0,0,0
2273045,1032284_1,1292499.95,9.999999651837516,5,19,9.0,120.0,2024,GOBIERNO LOCAL,Precios unitarios,Adjudicación Simplificada,Consorcio,HUAURA,1.0,1.0,1,MEJORAMIENTO O AMPLIACION,NO ESPECIFICADO,0,0,0
2278954,1037912_1,1977423.36,9.999999726917352,11,80,7.0,119.0,2024,GOBIERNO LOCAL,Suma alzada,Adjudicación Simplificada,Consorcio,CAÑETE,1.0,1.0,1,CREACION O CONSTRUCCION,SECUNDARIA,0,0,0
2279645,1029978_1,230573.55,9.99999882900704,1,66,0.0,61.0,2024,GOBIERNO LOCAL,Suma alzada,Adjudicación Simplificada,Consorcio,LIMA,1.0,0.0,0,MEJORAMIENTO O AMPLIACION,INICIAL,0,0,0
2282244,1043088_1,9452250.42,0.0,1,38,1.0,243.0,2024,GOBIERNO REGIONAL,Suma alzada,Licitación Pública,Persona Juridica,CAÑETE,1.0,1.0,1,MEJORAMIENTO O AMPLIACION,VARIOS NIVELES,0,0,0
2283117,1039617_1,19528406.6,0.0,4,39,13.0,365.0,2024,GOBIERNO REGIONAL,Esquema mixto,Licitación Pública,Consorcio,CAÑETE,1.0,1.0,1,MEJORAMIENTO O AMPLIACION,VARIOS NIVELES,0,0,0
2290126,1050122_1,11030321.82,0.0,4,41,14.0,242.0,2024,GOBIERNO REGIONAL,Suma alzada,Licitación Pública,Consorcio,CAÑETE,1.0,1.0,1,MEJORAMIENTO O AMPLIACION,NO ESPECIFICADO,0,0,0
2298781,1054402_1,15991428.13,0.03233530737856039,3,44,13.0,315.0,2024,GOBIERNO REGIONAL,Suma alzada,Licitación Pública,Consorcio,OYON,1.0,0.0,0,MEJORAMIENTO O AMPLIACION,INICIAL,0,0,0
2300783,1069800_1,442698.26,5.0000003218896705,4,13,8.0,74.0,2024,GOBIERNO LOCAL,Suma alzada,Adjudicación Simplificada,Consorcio,CAÑETE,0.0,0.0,0,MEJORAMIENTO O AMPLIACION,SECUNDARIA,0,0,0
2302005,1073668_1,10207161.21,0.0,2,16,8.0,304.0,2024,GOBIERNO LOCAL,Suma alzada,Adjudicación Simplificada,Consorcio,OYON,1.0,1.0,0,MEJORAMIENTO O AMPLIACION,VARIOS NIVELES,0,0,0
